Gene	Feature	AA Start	AA Stop	Description
RASGRP2	Domain	4	126	N-terminal Ras-GEF
RASGRP2	Domain	154	387	Ras-GEF
RASGRP2	Domain	426	461	EF-hand 1
RASGRP2	Domain	455	490	EF-hand 2
RASGRP2	Calcium binding	439	450	1
RASGRP2	Calcium binding	468	479	2
RASGRP2	Zinc finger	498	548	Phorbol-ester/DAG-type
RASGRP2	Domain	4	126	N-terminal Ras-GEF
RASGRP2	Domain	154	387	Ras-GEF
RASGRP2	Domain	426	461	EF-hand 1
RASGRP2	Domain	455	490	EF-hand 2
RASGRP2	Calcium binding	439	450	1
RASGRP2	Calcium binding	468	479	2
RASGRP2	Zinc finger	498	548	Phorbol-ester/DAG-type
STIM1	Domain	63	98	EF-hand
STIM1	Domain	132	200	SAM
STIM1	Calcium binding	76	87	
STIM1	Region	334	444	SOAR/CAD
STIM1	Motif	642	645	Microtubule tip localization signal
GGCX	Active site	218	218	Proton acceptor
THBD	Domain	31	169	C-type lectin
THBD	Domain	241	281	EGF-like 1
THBD	Domain	284	324	EGF-like 2
THBD	Domain	325	363	EGF-like 3; calcium-binding
THBD	Domain	365	405	EGF-like 4
THBD	Domain	404	440	EGF-like 5
THBD	Domain	441	481	EGF-like 6; calcium-binding
THBD	Region	481	515	Involved in alpha-L/beta-2 and alpha- M/beta-2 integrin binding
SMAD4	Domain	18	142	MH1
SMAD4	Domain	323	552	MH2
SMAD4	Region	275	320	SAD
SMAD4	Metal binding	71	71	Zinc
SMAD4	Metal binding	115	115	Zinc
SMAD4	Metal binding	127	127	Zinc
SMAD4	Metal binding	132	132	Zinc
SMAD4	Site	515	515	Necessary for heterotrimerization
MASTL	Domain	35	835	Protein kinase
MASTL	Domain	836	879	AGC-kinase C-terminal
MASTL	Nucleotide binding	41	49	ATP
MASTL	Active site	156	156	Proton acceptor
MASTL	Binding site	62	62	ATP
ITGA2	Domain	188	365	VWFA
ITGA2	Calcium binding	499	507	
ITGA2	Calcium binding	563	571	
ITGA2	Calcium binding	627	635	
ITGA2	Region	1155	1161	Interaction with HPS5
ITGA2	Motif	1157	1161	GFFKR motif
PROS1	Domain	42	87	Gla
PROS1	Domain	117	155	EGF-like 1
PROS1	Domain	157	200	EGF-like 2; calcium-binding
PROS1	Domain	201	242	EGF-like 3; calcium-binding
PROS1	Domain	243	283	EGF-like 4; calcium-binding
PROS1	Domain	299	475	Laminin G-like 1
PROS1	Domain	484	666	Laminin G-like 2
PROS1	Region	88	116	Thrombin-sensitive
PROS1	Site	499	499	Not glycosylated; in variant Heerlen
TNXB	Domain	156	168	EGF-like 1; incomplete
TNXB	Domain	183	213	EGF-like 2
TNXB	Domain	214	244	EGF-like 3
TNXB	Domain	245	275	EGF-like 4
TNXB	Domain	276	306	EGF-like 5
TNXB	Domain	307	337	EGF-like 6
TNXB	Domain	338	368	EGF-like 7
TNXB	Domain	369	399	EGF-like 8
TNXB	Domain	400	430	EGF-like 9
TNXB	Domain	431	461	EGF-like 10
TNXB	Domain	462	492	EGF-like 11
TNXB	Domain	493	523	EGF-like 12
TNXB	Domain	524	554	EGF-like 13
TNXB	Domain	555	585	EGF-like 14
TNXB	Domain	586	616	EGF-like 15
TNXB	Domain	617	647	EGF-like 16
TNXB	Domain	648	679	EGF-like 17
TNXB	Domain	684	714	EGF-like 18
TNXB	Domain	715	746	EGF-like 19
TNXB	Domain	959	1051	Fibronectin type-III 1
TNXB	Domain	1064	1153	Fibronectin type-III 2
TNXB	Domain	1161	1249	Fibronectin type-III 3
TNXB	Domain	1263	1352	Fibronectin type-III 4
TNXB	Domain	1374	1468	Fibronectin type-III 5
TNXB	Domain	1476	1572	Fibronectin type-III 6
TNXB	Domain	1574	1669	Fibronectin type-III 7
TNXB	Domain	1674	1764	Fibronectin type-III 8
TNXB	Domain	1778	1868	Fibronectin type-III 9
TNXB	Domain	1883	1971	Fibronectin type-III 10
TNXB	Domain	1989	2089	Fibronectin type-III 11
TNXB	Domain	2097	2185	Fibronectin type-III 12
TNXB	Domain	2196	2296	Fibronectin type-III 13
TNXB	Domain	2305	2398	Fibronectin type-III 14
TNXB	Domain	2408	2502	Fibronectin type-III 15
TNXB	Domain	2519	2617	Fibronectin type-III 16
TNXB	Domain	2625	2723	Fibronectin type-III 17
TNXB	Domain	2733	2838	Fibronectin type-III 18
TNXB	Domain	2839	2937	Fibronectin type-III 19
TNXB	Domain	2947	3040	Fibronectin type-III 20
TNXB	Domain	3060	3151	Fibronectin type-III 21
TNXB	Domain	3166	3258	Fibronectin type-III 22
TNXB	Domain	3262	3353	Fibronectin type-III 23
TNXB	Domain	3355	3444	Fibronectin type-III 24
TNXB	Domain	3449	3542	Fibronectin type-III 25
TNXB	Domain	3551	3645	Fibronectin type-III 26
TNXB	Domain	3655	3752	Fibronectin type-III 27
TNXB	Domain	3756	3845	Fibronectin type-III 28
TNXB	Domain	3846	3932	Fibronectin type-III 29
TNXB	Domain	3933	4023	Fibronectin type-III 30
TNXB	Domain	4019	4234	Fibrinogen C-terminal
TNXB	Motif	1666	1668	Cell attachment site
ADAMTS13	Domain	80	286	Peptidase M12B
ADAMTS13	Domain	287	383	Disintegrin
ADAMTS13	Domain	384	439	TSP type-1 1
ADAMTS13	Domain	682	730	TSP type-1 2
ADAMTS13	Domain	742	805	TSP type-1 3
ADAMTS13	Domain	808	859	TSP type-1 4
ADAMTS13	Domain	896	950	TSP type-1 5
ADAMTS13	Domain	951	1011	TSP type-1 6
ADAMTS13	Domain	1012	1068	TSP type-1 7
ADAMTS13	Domain	1072	1131	TSP type-1 8
ADAMTS13	Domain	1192	1298	CUB 1
ADAMTS13	Domain	1299	1427	CUB 2
ADAMTS13	Region	440	556	Cysteine-rich
ADAMTS13	Region	556	685	Spacer
ADAMTS13	Motif	498	500	Cell attachment site
ADAMTS13	Active site	225	225	
ADAMTS13	Metal binding	83	83	Calcium
ADAMTS13	Metal binding	173	173	Calcium
ADAMTS13	Metal binding	182	182	Calcium; high affinity
ADAMTS13	Metal binding	184	184	Calcium; high affinity
ADAMTS13	Metal binding	187	187	Calcium; high affinity
ADAMTS13	Metal binding	212	212	Calcium; high affinity
ADAMTS13	Metal binding	224	224	Zinc; catalytic
ADAMTS13	Metal binding	228	228	Zinc; catalytic
ADAMTS13	Metal binding	234	234	Zinc; catalytic
ADAMTS13	Metal binding	281	281	Calcium
ADAMTS13	Metal binding	284	284	Calcium
HPS1	Motif	698	700	Melanosome targeting signal
P2RY12	Nucleotide binding	156	159	ADP
P2RY12	Nucleotide binding	175	179	ADP
P2RY12	Nucleotide binding	256	259	ADP
P2RY12	Binding site	93	93	ADP
P2RY12	Binding site	97	97	ADP; via carbonyl oxygen
P2RY12	Binding site	105	105	ADP
P2RY12	Binding site	187	187	ADP
P2RY12	Binding site	191	191	ADP
P2RY12	Binding site	263	263	ADP
P2RY12	Binding site	280	280	ADP
HPS3	Motif	172	176	Clathrin-binding
F13A1	Active site	315	315	
F13A1	Active site	374	374	
F13A1	Active site	397	397	
F13A1	Metal binding	437	437	Calcium
F13A1	Metal binding	439	439	Calcium
F13A1	Metal binding	486	486	Calcium
F13A1	Metal binding	491	491	Calcium
F13A1	Site	38	39	Cleavage; by thrombin; to produce active factor XIII-A
P2RX1	Region	331	338	Pore-forming motif
COL3A1	Domain	30	89	VWFC
COL3A1	Domain	1232	1466	Fibrillar collagen NC1
COL3A1	Region	149	167	Nonhelical region (N-terminal)
COL3A1	Region	168	1196	Triple-helical region
COL3A1	Region	1197	1205	Nonhelical region (C-terminal)
COL3A1	Metal binding	1280	1280	Calcium
COL3A1	Metal binding	1282	1282	Calcium
COL3A1	Metal binding	1283	1283	Calcium; via carbonyl oxygen
COL3A1	Metal binding	1285	1285	Calcium; via carbonyl oxygen
COL3A1	Metal binding	1288	1288	Calcium
A2M	Region	690	728	Bait region
A2M	Region	704	709	Inhibitory
A2M	Region	719	723	Inhibitory
A2M	Region	730	735	Inhibitory
GFI1B	Zinc finger	163	186	C2H2-type 1
GFI1B	Zinc finger	192	214	C2H2-type 2
GFI1B	Zinc finger	220	242	C2H2-type 3
GFI1B	Zinc finger	248	270	C2H2-type 4
GFI1B	Zinc finger	276	298	C2H2-type 5
GFI1B	Zinc finger	304	327	C2H2-type 6
GFI1B	Region	1	20	SNAG domain
GFI1B	Region	91	330	Interaction with ARIH2
GFI1B	Region	164	330	Mediates interaction with GATA1
RBM8A	Domain	73	151	RRM
F5	Domain	30	329	F5/8 type A 1
F5	Domain	30	193	Plastocyanin-like 1
F5	Domain	203	329	Plastocyanin-like 2
F5	Domain	348	684	F5/8 type A 2
F5	Domain	348	526	Plastocyanin-like 3
F5	Domain	536	684	Plastocyanin-like 4
F5	Domain	1578	1907	F5/8 type A 3
F5	Domain	1578	1751	Plastocyanin-like 5
F5	Domain	1761	1907	Plastocyanin-like 6
F5	Domain	1907	2061	F5/8 type C 1
F5	Domain	2066	2221	F5/8 type C 2
F5	Region	692	1573	B
F5	Region	895	928	2 X 17 AA tandem repeats
F5	Region	1185	1501	35 X 9 AA approximate tandem repeats of [TNP]-L-S-P-D-L-S-Q-T
F5	Metal binding	139	139	Calcium
F5	Metal binding	140	140	Calcium
F5	Metal binding	1843	1843	Copper
F5	Metal binding	1845	1845	Copper
F5	Site	334	335	Cleavage; by activated protein C
F5	Site	534	535	Cleavage; by activated protein C
F5	Site	707	708	Cleavage; by activated protein C
F5	Site	737	738	Cleavage; by thrombin
F5	Site	1022	1023	Cleavage; by activated protein C
F5	Site	1046	1047	Cleavage; by thrombin
F5	Site	1573	1574	Cleavage; by thrombin
ITGA2B	Calcium binding	274	282	
ITGA2B	Calcium binding	328	336	
ITGA2B	Calcium binding	396	404	
ITGA2B	Calcium binding	457	465	
ITGA2B	Motif	1022	1026	GFFKR motif
MYH9	Domain	81	776	Myosin motor
MYH9	Domain	779	808	IQ
MYH9	Nucleotide binding	174	181	ATP
MYH9	Region	654	676	Actin-binding
GP1BA	Domain	17	47	LRRNT
GP1BA	Domain	221	282	LRRCT
GP1BA	Domain	17	47	LRRNT
GP1BA	Domain	221	282	LRRCT
ADRA2A	Site	113	113	Implicated in ligand binding
ADRA2A	Site	200	200	Implicated in catechol agonist binding and receptor activation
ADRA2A	Site	204	204	Implicated in catechol agonist binding and receptor activation
HOXA11	DNA binding	241	300	Homeobox
GP1BB	Domain	27	55	LRRNT
GP1BB	Domain	89	143	LRRCT
PLA2G7	Active site	273	273	Nucleophile
PLA2G7	Active site	296	296	Charge relay system
PLA2G7	Active site	351	351	Charge relay system
NBEA	Domain	2147	2255	BEACH-type PH
NBEA	Domain	2274	2563	BEACH
GP9	Domain	17	51	LRRNT
GP9	Domain	85	137	LRRCT
TFPI	Domain	54	104	BPTI/Kunitz inhibitor 1
TFPI	Domain	125	175	BPTI/Kunitz inhibitor 2
TFPI	Domain	217	267	BPTI/Kunitz inhibitor 3
TFPI	Site	64	65	Reactive bond
TFPI	Site	135	136	Reactive bond
TFPI	Site	227	228	Reactive bond
TFPI	Site	256	256	Not glycosylated
PROZ	Domain	41	86	Gla
PROZ	Domain	87	123	EGF-like 1
PROZ	Domain	125	166	EGF-like 2
PROZ	Domain	175	400	Peptidase S1
GP5	Domain	17	50	LRRNT
GP5	Domain	421	474	LRRCT
GP6	Domain	26	104	Ig-like C2-type 1
GP6	Domain	114	196	Ig-like C2-type 2
GATA1	Zinc finger	204	228	GATA-type 1
GATA1	Zinc finger	258	282	GATA-type 2
GATA1	Region	200	330	Interaction with MED1 and CCAR1
GATA1	Region	203	222	Required for interaction with ZFPM1
GATA1	Region	249	315	Interaction with CALCOCO1
LYST	Domain	3009	3115	BEACH-type PH
LYST	Domain	3120	3422	BEACH
FGA	Domain	623	864	Fibrinogen C-terminal
FGA	Region	36	38	Alpha-chain polymerization, binding distal domain of another fibrin gamma chain
FGA	Metal binding	791	791	Calcium
FGA	Metal binding	793	793	Calcium
FGA	Metal binding	795	795	Calcium; via carbonyl oxygen
FGA	Metal binding	797	797	Calcium; via carbonyl oxygen
FGA	Site	35	36	Cleavage; by thrombin; to release fibrinopeptide A
FGA	Site	100	101	Cleavage; by plasmin; to break down fibrin clots
FGA	Site	121	122	Cleavage; by hementin; to prevent blood coagulation
FGA	Site	123	124	Cleavage; by plasmin; to break down fibrin clots
FGB	Domain	232	488	Fibrinogen C-terminal
FGB	Region	45	47	Beta-chain polymerization, binding distal domain of another fibrin
FGB	Site	44	45	Cleavage; by thrombin; to release fibrinopeptide B
FGB	Site	152	153	Cleavage; by plasmin; to break down fibrin clots
FGB	Site	160	161	Cleavage; by hementin; to prevent blood coagulation
FGB	Site	163	164	Cleavage; by plasmin; to break down fibrin clots
PLAUR	Domain	23	114	UPAR/Ly6 1
PLAUR	Domain	115	213	UPAR/Ly6 2
PLAUR	Domain	214	305	UPAR/Ly6 3
PLAUR	Site	105	106	Cleavage; by U-PA
PLAUR	Site	111	112	Cleavage; by U-PA
ITGB3	Domain	135	377	VWFA
ITGB3	Region	203	210	Involved in CX3CL1-, NRG1-, FGF1- and IGF1-binding
ITGB3	Region	293	313	CX3CL1-binding
ITGB3	Region	463	629	Cysteine-rich tandem repeats
ACVRL1	Domain	172	201	GS
ACVRL1	Domain	202	492	Protein kinase
ACVRL1	Nucleotide binding	208	216	ATP
ACVRL1	Region	73	76	Mediates specificity for BMP ligand
ACVRL1	Active site	330	330	Proton acceptor
ACVRL1	Binding site	229	229	ATP
TBXAS1	Metal binding	479	479	Iron (heme axial ligand)
KLKB1	Domain	21	104	Apple 1
KLKB1	Domain	111	194	Apple 2
KLKB1	Domain	201	284	Apple 3
KLKB1	Domain	292	375	Apple 4
KLKB1	Domain	391	626	Peptidase S1
KLKB1	Active site	434	434	Charge relay system
KLKB1	Active site	483	483	Charge relay system
KLKB1	Active site	578	578	Charge relay system
ENG	Region	26	337	Required for interaction with EGL
ENG	Motif	399	401	Cell attachment site
F13B	Domain	24	88	Sushi 1
F13B	Domain	89	148	Sushi 2
F13B	Domain	151	210	Sushi 3
F13B	Domain	211	269	Sushi 4
F13B	Domain	272	329	Sushi 5
F13B	Domain	334	391	Sushi 6
F13B	Domain	394	452	Sushi 7
F13B	Domain	453	516	Sushi 8
F13B	Domain	522	580	Sushi 9
F13B	Domain	581	647	Sushi 10
F13B	Motif	617	619	Cell attachment site
COL1A1	Domain	38	96	VWFC
COL1A1	Domain	1229	1464	Fibrillar collagen NC1
COL1A1	Region	162	178	Nonhelical region (N-terminal)
COL1A1	Region	179	1192	Triple-helical region
COL1A1	Region	1193	1218	Nonhelical region (C-terminal)
COL1A1	Motif	745	747	Cell attachment site
COL1A1	Motif	1093	1095	Cell attachment site
COL1A1	Metal binding	1277	1277	Calcium
COL1A1	Metal binding	1279	1279	Calcium
COL1A1	Metal binding	1280	1280	Calcium; via carbonyl oxygen
COL1A1	Metal binding	1282	1282	Calcium; via carbonyl oxygen
COL1A1	Metal binding	1285	1285	Calcium
COL1A1	Site	161	162	Cleavage; by procollagen N-endopeptidase
COL1A1	Site	953	954	Cleavage; by collagenase
COL1A1	Site	1218	1219	Cleavage; by procollagen C-endopeptidase
F2	Domain	44	89	Gla
F2	Domain	108	186	Kringle 1
F2	Domain	213	291	Kringle 2
F2	Domain	364	618	Peptidase S1
F2	Region	551	573	High affinity receptor-binding region which is also known as the TP508 peptide
F2	Active site	406	406	Charge relay system
F2	Active site	462	462	Charge relay system
F2	Active site	568	568	Charge relay system
F2	Site	198	199	Cleavage; by thrombin
F2	Site	327	328	Cleavage; by factor Xa
F2	Site	363	364	Cleavage; by factor Xa
PLAU	Domain	27	63	EGF-like
PLAU	Domain	70	151	Kringle
PLAU	Domain	179	424	Peptidase S1
PLAU	Region	34	57	Binds urokinase plasminogen activator surface receptor
PLAU	Region	152	177	Connecting peptide
PLAU	Active site	224	224	Charge relay system
PLAU	Active site	275	275	Charge relay system
PLAU	Active site	376	376	Charge relay system
PLAU	Site	177	178	Cleavage; during zymogen activation
TUBB1	Nucleotide binding	140	146	GTP
FERMT3	Domain	229	558	FERM
FERMT3	Domain	354	457	PH
LMAN1	Domain	44	267	L-type lectin-like
LMAN1	Region	251	253	Carbohydrate binding
LMAN1	Motif	509	510	ER export motif
LMAN1	Metal binding	152	152	Calcium
LMAN1	Metal binding	154	154	Calcium; via carbonyl oxygen
LMAN1	Metal binding	156	156	Calcium
LMAN1	Metal binding	181	181	Calcium
LMAN1	Binding site	88	88	Carbohydrate
LMAN1	Binding site	121	121	Carbohydrate
LMAN1	Binding site	156	156	Carbohydrate
LMAN1	Binding site	178	178	Carbohydrate
LMAN1	Site	501	501	Required for ER export
DTNBP1	Region	173	331	Dysbindin
DTNBP1	Motif	243	256	Nuclear export signal
F12	Domain	42	90	Fibronectin type-II
F12	Domain	94	131	EGF-like 1
F12	Domain	133	173	Fibronectin type-I
F12	Domain	174	210	EGF-like 2
F12	Domain	217	295	Kringle
F12	Domain	373	614	Peptidase S1
F12	Active site	412	412	Charge relay system
F12	Active site	461	461	Charge relay system
F12	Active site	563	563	Charge relay system
MCFD2	Domain	68	103	EF-hand 1
MCFD2	Domain	116	146	EF-hand 2
MCFD2	Calcium binding	81	92	1
MCFD2	Calcium binding	129	140	2
PLA2G4A	Domain	5	106	C2
PLA2G4A	Domain	140	740	PLA2c
PLA2G4A	Region	1	178	Phospholipid binding
PLA2G4A	Active site	228	228	Nucleophile
PLA2G4A	Active site	549	549	Proton acceptor
PLA2G4A	Metal binding	40	40	Calcium 1
PLA2G4A	Metal binding	40	40	Calcium 2
PLA2G4A	Metal binding	41	41	Calcium 1; via carbonyl oxygen
PLA2G4A	Metal binding	43	43	Calcium 1
PLA2G4A	Metal binding	43	43	Calcium 2
PLA2G4A	Metal binding	65	65	Calcium 1
PLA2G4A	Metal binding	93	93	Calcium 2
PLA2G4A	Metal binding	94	94	Calcium 2; via carbonyl oxygen
PLA2G4A	Metal binding	95	95	Calcium 2
F11	Domain	20	103	Apple 1
F11	Domain	110	193	Apple 2
F11	Domain	200	283	Apple 3
F11	Domain	291	374	Apple 4
F11	Domain	388	623	Peptidase S1
F11	Region	547	550	Heparin-binding
F11	Active site	431	431	Charge relay system
F11	Active site	480	480	Charge relay system
F11	Active site	575	575	Charge relay system
F11	Domain	20	103	Apple 1
F11	Domain	110	193	Apple 2
F11	Domain	200	283	Apple 3
F11	Domain	291	374	Apple 4
F11	Domain	388	623	Peptidase S1
F11	Region	547	550	Heparin-binding
F11	Active site	431	431	Charge relay system
F11	Active site	480	480	Charge relay system
F11	Active site	575	575	Charge relay system
WAS	Domain	39	148	WH1
WAS	Domain	238	251	CRIB
WAS	Domain	430	447	WH2
F8	Domain	20	348	F5/8 type A 1
F8	Domain	20	198	Plastocyanin-like 1
F8	Domain	206	348	Plastocyanin-like 2
F8	Domain	399	730	F5/8 type A 2
F8	Domain	399	573	Plastocyanin-like 3
F8	Domain	583	730	Plastocyanin-like 4
F8	Domain	1713	2040	F5/8 type A 3
F8	Domain	1713	1877	Plastocyanin-like 5
F8	Domain	1887	2040	Plastocyanin-like 6
F8	Domain	2040	2188	F5/8 type C 1
F8	Domain	2193	2345	F5/8 type C 2
F8	Region	760	1667	B
F8	Site	391	392	Cleavage; by thrombin
F8	Site	759	760	Cleavage; by thrombin
F8	Site	1332	1333	Cleavage (activation)
F8	Site	1667	1668	Cleavage (activation)
F8	Site	1708	1709	Cleavage; by thrombin
ABCG5	Domain	52	293	ABC transporter
ABCG5	Domain	388	645	ABC transmembrane type-2
ABCG5	Nucleotide binding	86	93	ATP
ACTN1	Domain	1	247	Actin-binding
ACTN1	Domain	31	135	Calponin-homology 1
ACTN1	Domain	144	247	Calponin-homology 2
ACTN1	Domain	746	781	EF-hand 1
ACTN1	Domain	787	822	EF-hand 2
ACTN1	Calcium binding	759	770	
ACTN1	Calcium binding	800	811	
ACTN1	Region	274	733	Interaction with DDN
FGG	Domain	170	416	Fibrinogen C-terminal
FGG	Region	400	422	Gamma-chain polymerization, binding amino end of another fibrin alpha chain
FGG	Region	423	437	Platelet aggregation and Staphylococcus clumping
FGG	Metal binding	344	344	Calcium
FGG	Metal binding	346	346	Calcium
FGG	Metal binding	348	348	Calcium; via carbonyl oxygen
FGG	Metal binding	350	350	Calcium; via carbonyl oxygen
FGG	Site	84	85	Cleavage; by plasmin; to break down fibrin clots
FGG	Site	88	89	Cleavage; by plasmin; to break down fibrin clots
FGG	Site	102	103	Cleavage; by hementin; to prevent blood coagulation
GNAQ	Nucleotide binding	46	53	GTP
GNAQ	Nucleotide binding	180	186	GTP
GNAQ	Nucleotide binding	205	209	GTP
GNAQ	Nucleotide binding	274	277	GTP
GNAQ	Metal binding	53	53	Magnesium
GNAQ	Metal binding	186	186	Magnesium
GNAQ	Binding site	331	331	GTP; via amide nitrogen
F7	Domain	61	105	Gla
F7	Domain	106	142	EGF-like 1; calcium-binding
F7	Domain	147	188	EGF-like 2
F7	Domain	213	452	Peptidase S1
F7	Active site	253	253	Charge relay system
F7	Active site	302	302	Charge relay system
F7	Active site	404	404	Charge relay system
F7	Binding site	398	398	Substrate
F7	Site	113	113	Important for S-112 for O-xylosylation
F7	Site	212	213	Cleavage; by factor Xa, factor XIIa, factor IXa, or thrombin
ABCG8	Domain	47	313	ABC transporter
ABCG8	Domain	411	665	ABC transmembrane type-2
F9	Domain	47	92	Gla
F9	Domain	93	129	EGF-like 1; calcium-binding
F9	Domain	130	171	EGF-like 2
F9	Domain	227	459	Peptidase S1
F9	Active site	267	267	Charge relay system
F9	Active site	315	315	Charge relay system
F9	Active site	411	411	Charge relay system
F9	Metal binding	47	47	Calcium 1; via carbonyl oxygen
F9	Metal binding	48	48	Calcium 2
F9	Metal binding	53	53	Calcium 1; via 4-carboxyglutamate
F9	Metal binding	53	53	Calcium 2; via 4-carboxyglutamate
F9	Metal binding	54	54	Calcium 2; via 4-carboxyglutamate
F9	Metal binding	54	54	Calcium 3; via 4-carboxyglutamate
F9	Metal binding	61	61	Calcium 4 or magnesium 1; via 4- carboxyglutamate
F9	Metal binding	63	63	Calcium 1; via 4-carboxyglutamate
F9	Metal binding	63	63	Calcium 2; via 4-carboxyglutamate
F9	Metal binding	63	63	Calcium 3; via 4-carboxyglutamate
F9	Metal binding	66	66	Calcium 4 or magnesium 1; via 4- carboxyglutamate
F9	Metal binding	67	67	Calcium 1; via 4-carboxyglutamate
F9	Metal binding	72	72	Calcium 5 or magnesium 2; via 4- carboxyglutamate
F9	Metal binding	73	73	Calcium 2; via 4-carboxyglutamate
F9	Metal binding	73	73	Calcium 3; via 4-carboxyglutamate
F9	Metal binding	76	76	Calcium 3; via 4-carboxyglutamate
F9	Metal binding	76	76	Calcium 5 or magnesium 2; via 4- carboxyglutamate
F9	Metal binding	76	76	Calcium 5; via 4-carboxyglutamate
F9	Metal binding	82	82	Calcium 6 or magnesium 3; via 4- carboxyglutamate
F9	Metal binding	86	86	Calcium 6 or magnesium 3; via 4- carboxyglutamate
F9	Metal binding	93	93	Calcium 7
F9	Metal binding	94	94	Calcium 7; via carbonyl oxygen
F9	Metal binding	96	96	Calcium 7
F9	Metal binding	110	110	Calcium 7
F9	Metal binding	111	111	Calcium 7; via carbonyl oxygen
F9	Metal binding	281	281	Calcium 8
F9	Metal binding	283	283	Calcium 8; via carbonyl oxygen
F9	Metal binding	286	286	Calcium 8; via carbonyl oxygen
F9	Metal binding	288	288	Calcium 8
F9	Metal binding	291	291	Calcium 8
F9	Site	191	192	Cleavage; by factor XIa
F9	Site	226	227	Cleavage; by factor XIa
MPL	Domain	172	281	Fibronectin type-III 1
MPL	Domain	392	486	Fibronectin type-III 2
MPL	Motif	474	478	WSXWS motif
MPL	Motif	528	536	Box 1 motif
SERPINC1	Binding site	81	81	Heparin
SERPINC1	Binding site	161	161	Heparin
SERPINC1	Binding site	177	177	Heparin
SERPINC1	Site	425	426	Reactive bond
PLG	Domain	20	98	PAN
PLG	Domain	103	181	Kringle 1
PLG	Domain	184	262	Kringle 2
PLG	Domain	275	352	Kringle 3
PLG	Domain	377	454	Kringle 4
PLG	Domain	481	560	Kringle 5
PLG	Domain	581	808	Peptidase S1
PLG	Active site	622	622	Charge relay system
PLG	Active site	665	665	Charge relay system
PLG	Active site	760	760	Charge relay system
PLG	Binding site	134	134	Fibrin
PLG	Binding site	136	136	Fibrin
PLG	Binding site	136	136	Omega-aminocarboxylic acids
PLG	Binding site	158	158	Omega-aminocarboxylic acids
PLG	Binding site	172	172	Omega-aminocarboxylic acids
PLG	Binding site	432	432	Omega-aminocarboxylic acids
PLG	Binding site	445	445	Omega-aminocarboxylic acids
PLG	Site	78	79	Cleavage; by stromelysin-1
PLG	Site	466	467	Cleavage; by stromelysin-19
PLG	Site	580	581	Cleavage; by plasminogen activator
PLAT	Domain	39	81	Fibronectin type-I
PLAT	Domain	82	120	EGF-like
PLAT	Domain	127	208	Kringle 1
PLAT	Domain	215	296	Kringle 2
PLAT	Domain	311	561	Peptidase S1
PLAT	Region	42	52	Important for binding to annexin A2
PLAT	Active site	357	357	Charge relay system
PLAT	Active site	406	406	Charge relay system
PLAT	Active site	513	513	Charge relay system
PLAT	Site	102	102	Important for binding to LRP1
PLAT	Site	253	253	Not glycosylated
PLAT	Site	464	464	Important for single-chain activity
PLAT	Site	512	512	Important for single-chain activity
KNG1	Domain	28	132	Cystatin kininogen-type 1
KNG1	Domain	151	254	Cystatin kininogen-type 2
KNG1	Domain	273	376	Cystatin kininogen-type 3
KNG1	Region	120	153	O-glycosylated at one site only
KNG1	Site	48	48	Not glycosylated
KNG1	Site	379	380	Cleavage; by kallikrein
KNG1	Site	389	390	Cleavage; by kallikrein
RUNX1	Domain	50	178	Runt
RUNX1	Region	80	84	Interaction with DNA
RUNX1	Region	135	143	Interaction with DNA
RUNX1	Region	168	177	Interaction with DNA
RUNX1	Region	291	371	Interaction with KAT6A
RUNX1	Region	307	400	Interaction with KAT6B
RUNX1	Region	362	402	Interaction with FOXP3
RUNX1	Binding site	112	112	Chloride 1
RUNX1	Binding site	116	116	Chloride 1; via amide nitrogen
RUNX1	Binding site	139	139	Chloride 2
RUNX1	Binding site	170	170	Chloride 2; via amide nitrogen
RUNX1	Site	177	178	Breakpoint for translocation to form AML1-EMV-1 (or AML1-EAP) in CML and T- MDS, to form AML1-MTG8 (ETO) in AML-M2, to form AML1-CBFA2T3 in therapy-related myeloid malignancies, to form AML1-MECOM in CML and to form type I MACROD1-RUNX1 fusion protein
RUNX1	Site	241	242	Breakpoint for translocation to form AML1-EAP in T-MDS and CML, to form type II MACROD1-RUNX1 fusion protein and to form RUNX1-CBFA2T2 in acute myeloid leukemia
ABCA1	Domain	899	1131	ABC transporter 1
ABCA1	Domain	1912	2144	ABC transporter 2
ABCA1	Nucleotide binding	933	940	ATP 1
ABCA1	Nucleotide binding	1946	1953	ATP 2
FLNA	Domain	2	274	Actin-binding
FLNA	Domain	43	149	Calponin-homology 1
FLNA	Domain	166	266	Calponin-homology 2
FLNA	Region	1490	1607	Interaction with furin
FLNA	Region	1741	1778	Hinge 1
FLNA	Region	2517	2647	Self-association site, tail
FLNA	Region	2517	2551	Hinge 2
FLNA	Site	1761	1762	Cleavage; by calpain
VWF	Domain	34	240	VWFD 1
VWF	Domain	295	348	TIL 1
VWF	Domain	387	598	VWFD 2
VWF	Domain	652	707	TIL 2
VWF	Domain	776	827	TIL 3
VWF	Domain	866	1074	VWFD 3
VWF	Domain	1146	1196	TIL 4
VWF	Domain	1277	1453	VWFA 1; binding site for platelet glycoprotein Ib
VWF	Domain	1498	1665	VWFA 2
VWF	Domain	1691	1871	VWFA 3; main binding site for collagens type I and III
VWF	Domain	1949	2153	VWFD 4
VWF	Domain	2255	2328	VWFC 1
VWF	Domain	2429	2495	VWFC 2
VWF	Domain	2580	2645	VWFC 3
VWF	Domain	2724	2812	CTCK
VWF	Region	764	787	Amino-terminal
VWF	Region	788	833	E1
VWF	Region	826	853	CX
VWF	Region	2216	2261	E2
VWF	Motif	2507	2509	Cell attachment site
VWF	Domain	34	240	VWFD 1
VWF	Domain	295	348	TIL 1
VWF	Domain	387	598	VWFD 2
VWF	Domain	652	707	TIL 2
VWF	Domain	776	827	TIL 3
VWF	Domain	866	1074	VWFD 3
VWF	Domain	1146	1196	TIL 4
VWF	Domain	1277	1453	VWFA 1; binding site for platelet glycoprotein Ib
VWF	Domain	1498	1665	VWFA 2
VWF	Domain	1691	1871	VWFA 3; main binding site for collagens type I and III
VWF	Domain	1949	2153	VWFD 4
VWF	Domain	2255	2328	VWFC 1
VWF	Domain	2429	2495	VWFC 2
VWF	Domain	2580	2645	VWFC 3
VWF	Domain	2724	2812	CTCK
VWF	Region	764	787	Amino-terminal
VWF	Region	788	833	E1
VWF	Region	826	853	CX
VWF	Region	2216	2261	E2
VWF	Motif	2507	2509	Cell attachment site
PROC	Domain	43	88	Gla
PROC	Domain	97	132	EGF-like 1
PROC	Domain	136	176	EGF-like 2
PROC	Domain	212	450	Peptidase S1
PROC	Active site	253	253	Charge relay system
PROC	Active site	299	299	Charge relay system
PROC	Active site	402	402	Charge relay system
PROC	Site	211	212	Cleavage; by thrombin
NBEAL2	Domain	1915	2040	BEACH-type PH
NBEAL2	Domain	2053	2345	BEACH
MLPH	Domain	4	124	RabBD
MLPH	Zinc finger	64	107	FYVE-type
